GN_code,Name,dist_to_nearest_hospital_km,nearest_hospital_id,dist_to_nearest_school_km,nearest_school_id
0,Daragala,1.3234120316253162,2915434805,2.292778513485647,9770272743
1,Dambana,12.691232766852483,4265986683,4.841411561005245,6594587260
2,Ella,0.15121585173903682,11425573259,0.8994268995002388,13457718001
3,Wewatta,14.921098538309046,5400935336,12.010676602957643,6594587260
4,Kukulapola,16.998996369061842,4265986683,4.504211993190568,6594587260
5,Gampaha2,3.3102333834880024,10618470666,3.2431442443283753,10618470687
6,Umankandura,0.6317456800643949,1818771616,2.0060404442710054,6558184526
7,Thelbedda Estate,5.32284428526467,3298298268,4.490026618836997,6528026976
8,Pahalayalkumbura,2.9400495787175083,2905118777,1.602989635682028,2921376820
9,Kebillewela South,3.686709824969426,1993203085,1.4520380191949789,1819858023
10,Doolgolla,2.9258447645578833,11425549204,1.6112486649920776,3596023117
11,Welampele,11.091351376872371,1974694453,3.174855421677674,5578246161
12,Serana,6.68066086540864,1974694453,3.364492509564987,1974709638
13,Ketawatta,5.03042382183085,3778409802,2.499916930027333,2902114409
14,Karandagahamada,9.396597636178766,3778409802,3.493961792101817,2902110870
15,Dehigolla,4.515800965918321,1974694453,1.6461215784156682,1974709638
16,Hunuketapitiya,2.6038674296759745,3778409802,2.507513216278564,3778409357
17,Morahela,4.779142776377467,3778409802,4.541463144362563,3778409357
18,Kohana,4.050425427478876,3778409802,1.7605537765577512,2902114409
19,Ellanda1,7.143795071229878,3778409802,4.51320738065942,2902114409
20,Galporuyaya,4.6641159461395825,4265986683,7.086446860894551,5578246161
21,Beligalla,10.508997131166696,4265986683,1.1982263815574907,5578246161
22,Balagala,1.315264011256391,9785764862,1.2510089182461164,9790618907
23,Wewelhinna,6.203441505513908,11425573259,0.9679765719301612,2078581451
24,Uduwara,5.912199216527634,7086354795,3.0284685324611873,2078581451
25,Kumarapattiya,0.9795717507592665,6365304598,1.9624880295793856,10677516870
26,Vidurupola,2.0922072392398885,9793173329,1.9126568169973892,11254370023
27,Karagahawela,2.660454330162853,1818771616,0.18617093851502853,6458271736
28,Pallegama2,1.273343650267614,1945644723,1.1820494683962472,1945644574
29,Kirawanagama2,1.6144444404298042,10618470666,1.5385049906835828,10618470687
30,Hettipola,0.530865942643257,11966368769,0.934918492407417,12592561901
31,Panketiya,2.1230800677691186,1818771616,2.0502007743359845,1993203439
32,Pitapola,2.918119492590304,10110608400,3.065228420943725,1821277179
33,Thuppitiya,5.877797268479189,10618470666,5.576878824562049,1819855798
34,Dodamwatta,0.9297764932529052,1818771616,1.5887166499303063,6458271736
35,Hali-Ela,4.68364507642119,13084509423,2.9982571805069576,6815543140
36,Nedungamuwa,2.3255464483686428,9772452559,0.4385985184235678,6634800273
37,Landegama,0.8120237092940928,9793151062,0.18047215813173645,6634814556
38,Kanahela,0.8380282742550352,1945644723,0.9363885753302069,1945644574
39,Boliyadda,1.5662149484186525,3778409802,1.7543512896587827,3778409357
40,Weragoda,3.5634721552622093,4921735461,11.038456168527043,4561223836
41,Welanhinna,3.468753763346935,1818771616,2.185037565505434,6558184526
42,Uva Mahawela,1.4530105361702585,1819855346,1.4504024344662136,6815543140
43,Dambavinna,1.117565440268032,2905118777,0.6700803750186622,2921334809
44,Thalakumbura,8.585680146615848,10618470666,7.424587582409757,5398371669
45,Kirivehera,11.018340069653972,3778409802,4.895030302600099,3769286186
46,Lunugala Town,0.4007640185574662,4921735461,11.622824681147142,6528039309
47,Kudalunuka,7.176965884654148,5400935336,12.905116989309652,5578246161
48,Abhayapura,7.85508601101512,8637057563,4.372155456171512,4561229190
49,Dowa,2.972590073019788,11966368769,1.5816423623114118,6458423923
50,Gamakumbura South,4.885832059007945,5400935336,8.000726389061985,4561229190
51,Hinnarangolla1,1.3294551740247273,10110608400,1.4770129146944468,1821277179
52,Udakendagolla,2.6055206642640143,10110608400,2.6644127341433594,1821277179
53,Jayaminipura,2.175765204621267,1818771616,1.2866049006519966,6558184526
54,Gawarawela,4.004218531331568,11425573259,2.6887651175083573,2078581451
55,Dambewela,3.1089293685552852,1945644723,3.138640362632383,1945644574
56,Makulella,0.6727666912241006,11425549204,3.0027047456953353,3596023117
57,Udaperuwa1,3.2323875188626014,11425549204,0.5589931184105634,3596023117
58,Haputhale Town,0.48218521094759925,13569933830,0.5721629571689653,5378347102
59,Puhulwatta,2.1317018895924056,1945644723,2.237583785112634,1945644574
60,Ethkandawaka,1.6773487958952533,9774873911,1.8731030004062905,10677516870
61,Egodagama,2.007581962078995,11425549204,1.7213946163491047,3596023117
62,Bambaragama,1.2672130456956245,11425549204,4.0392883928825665,4999523726
63,Ellanda2,5.422662867311342,10618470666,5.361726042532488,10618470687
64,Hulankapolla,5.173518557258779,9793173329,1.9343054014324161,11254370023
65,Panagoda,4.326938047421209,10618470666,4.372127992586784,10618470687
66,Koradekumbura,3.587480688930813,2524559835,4.576713147247849,11254370023
67,Ambathenna,2.7819244966329952,1945644723,2.749586683544052,1945644574
68,Gonagala East,1.8891538321965653,1945644723,1.9839117663293349,1945644574
69,Beraliyapola,0.6562092227404551,10618470666,0.5979030826008614,10618470687
70,Galedanda,2.8130350396580956,10110608400,2.8017917113514152,1821277179
71,Guruthalawa,0.899923151289963,9772452559,0.984622268674807,1820038315
72,Nikapotha East,2.882776675841599,1993203376,2.8057924421775167,5378347102
73,Ranasinghegama,2.127122144824529,9608017983,3.0795383349200525,1993203460
74,Harankahawa,9.76603977203954,13569933830,2.50265118271157,1712897670
75,Watagamuwa1,3.9715104212556147,11966368769,0.40558627399036173,6458423923
76,Mahakanda,3.7258891849928824,9608017983,3.6945093491588343,1993203096
77,Haputhalegama,2.835924751409986,13569933830,2.5387227790476645,1993203238
78,Pitarathmale,2.4801067883767876,1993203085,1.3630899780312176,1993203439
79,Rathamba,0.9064153062656795,6365304598,2.0761591246697053,4799050971
80,Seelathenna,9.666621472483804,3874862041,2.055218513125651,1712897670
81,Manthenna,5.295308399379927,13569933830,1.8740220000970855,7994210817
82,Kithulgahaarawa,8.293629846197454,13569933830,2.0618189526065116,1712897670
83,Bibilegama East,4.804985367525859,1945644723,3.3573853615214495,5599326514
84,Maussagolla East,3.6009462012676674,1945644723,3.6744440863471772,1945644574
85,Poojanagaraya,0.7310754976926338,8637057563,2.289409511488267,2235191852
86,Senanigama,3.816827349957745,8637057563,1.8227567884445801,4561229190
87,Kanawerella East,5.6252588083455475,1945644723,4.21820143206242,5599326514
88,Mugunumatha West,4.47898830351224,1819855346,1.8189211677935533,6815543140
89,Pangaragammana,5.040667437845859,8637057563,1.5994927153818468,4561229190
90,Divulapelessa,7.432774045476735,8637012205,21.92731698833192,6594587260
91,We Eliya,10.237197919630098,13569933830,5.08342747562804,1712897670
92,Welibissa1,7.533177160445018,13569933830,3.9959108300575807,7994210817
93,Ranwanguhawa,7.281980635171635,1993203380,4.758529294482964,7994210817
94,Moraketiya,4.549980431305436,1993203376,4.426267652499358,1993203238
95,Ampitithenna,1.1334676731432944,9608017983,5.809221489152278,1993203460
96,Kirawanagama1,4.398658514815652,1993203380,2.9000607015932856,7994210817
97,Nikapotha West,3.534651230717916,1993203376,3.230812795196064,1993203238
98,Amilagama,6.735502919769269,13569933830,2.8629876500543916,7994210817
99,Divulgasmulla,4.3113521397691965,6257451773,5.8028882804020965,12843190591
100,Lemasthota,3.5760474532893243,9608017983,3.722103605348198,1993203439
101,Elewela,2.4256843416726026,1974694453,0.33671673170508076,2235191852
102,Kotabakma,0.732355131829783,9608017983,4.4815625522101925,1993203460
103,Uvathenna,9.159247552533913,3874862041,3.1966693819852705,5632183375
104,Soragune,7.777470031310278,13569933830,3.336567443215691,1712897670
105,Walhaputhenna,7.5706137733809635,3874862041,0.3016996454802914,5729802350
106,Thotalagala,2.1350724537739865,1993203376,0.821744431692714,1993203439
107,Beragala,6.151805209538707,13569933830,2.6491929912337038,7994210817
108,Haldummulla,6.630580286253123,10110608400,1.8209143857509618,5729802350
109,Bubula,4.496450973269748,5400935336,5.28654348498788,5385075809
110,Kalupahana,6.769773117579324,3874862041,1.040701913450597,5632183375
111,Koslanda,2.7626230220040777,1993203085,2.364375691743623,1993203096
112,Kotathalawa,1.9376669678695284,5400935336,8.626977277241686,5385075809
113,Glenanore,4.152727975099923,13569933830,2.4581695494467612,7994210817
114,Pethiyagoda,6.376925898535004,5400935336,15.443607806494834,2902114409
115,Andaulpatha,3.9619079101487555,5400935336,7.231035251942791,4561229190
116,Nagadeepa,2.988685460079894,5400935336,10.835565806518176,4561229190
117,Pahalaoyagama,6.085520078223775,5400935336,5.306602484367647,4561229190
118,Ekiriyankumbura,12.68459340539266,9916792559,20.73849085728403,6594587260
119,Mahalunuka,6.004980771669235,5400935336,15.012683848016012,4561229190
120,Gamakumbura North,6.760967525432545,5400935336,7.572124090973638,4561229190
121,Dehigama,8.750296488170948,9916792559,19.29739629847447,5385075809
122,Morana,9.642244737759972,5400935336,13.489637599257897,5578246161
123,Uva Thissapura,8.723225037618674,5400935336,7.7357906172469875,1974709638
124,Thelhawadigama,3.4269682663556837,4885968676,0.9521695874221225,11254370023
125,Maligathenna1,4.036949649288791,1819855346,1.465960566914105,9772759650
126,Maligathenna1,4.2883973832138125,1819855346,0.6905955718417766,1819855544
127,Kirinda1,3.453971149872351,12587438202,1.9518573934746022,5573272529
128,Udawela,3.3945402552736925,3298298268,3.5455336694620128,2078653445
129,Udawela,3.3661829770008316,3298298268,3.4630389796265573,2078653445
130,Ambagahakumbura,1.02063429699899,2915434805,0.8145979640929508,9770268207
131,Divurumgama,1.3899848400307002,4885968676,0.37064374239342845,4799050971
132,Kirioruwa1,4.260098307590613,11966368769,1.0650858117630462,6458423923
133,Kirioruwa1,5.919001543899217,11966368769,2.292011457950213,6458423923
134,Kirioruwa1,4.863993872780041,11966368769,1.614269029872149,6458423923
135,Dikkapitiya,2.1539544514870244,2905118777,2.257414678063493,9790608104
136,Icelab Watta,3.3852089893498487,11966368769,1.08001098533829,6458423923
137,Icelab Watta,5.077390125201381,11966368769,1.4969266554334355,6458423923
138,Icelab Watta,5.301440844365794,11966368769,1.61382131975545,6458423923
139,Demodara1,2.743872416867866,7086354795,1.4755328757124866,5573272529
140,Beddewela,4.813521135751337,11425573259,2.2957077284198566,2078581451
141,Welimada Town,0.12237518416257151,4883566067,0.7563895525108321,9770272743
142,Anthuduwawela,3.74362059810549,13084509423,3.7427062953358123,5398371669
143,Dayaraba Watta,2.2791809071363427,2905118777,2.086066101249548,2921334809
144,Welimada Watta,1.191380852932699,2915434805,1.3071579840592502,9770268207
145,Puhulpola,1.6302940480771893,2905118777,1.878313072836408,9790608104
146,Magiripura,3.08293093875586,13569933830,1.5119846351503765,7994210817
147,Dickwella,3.6593272898635036,13084509423,4.0174122049060355,6815543140
148,Metiwalalanda,2.3018774059039893,9785764862,2.3336239956528404,9790608104
149,Lunuwatta,0.07398758310515603,9774873911,1.406117810728381,10677516870
150,Paranagama,1.683820140119492,2524559835,3.0538812939849316,10677516870
151,Pahamunuthota,2.7565182797483576,1819855346,2.5478976607108232,1819855798
152,Sapugolla,2.5134670244955015,9774873911,1.8077279443396006,10677516870
153,Mudanawa,2.596689483020184,2524559835,3.1030124139370825,10677516870
154,Pannalawela,0.39159561093480744,10618470666,0.45328505633207716,10618470687
155,Udagama1,3.069028057260027,1819855346,2.704168192794152,1819855798
156,Thawalampola,3.0562313185485426,2524559835,4.251801566076045,10677516870
157,Malapolagama,4.588100888045979,2524559835,4.48089534049719,11254370023
158,Bogahamaditta,2.141042861944345,13084509423,2.705192533799969,5398371669
159,Hangiliella,2.8373917404976163,9785764862,1.7478388403299703,9790608104
160,Kotawera Udagama,1.3571629660631739,9785764862,0.5528416488823064,9790608104
161,Ketagoda,2.1377375638619696,2524559835,2.438982376951121,4799050971
162,Ulugala,2.30491349077417,9785764862,1.4976495307023,9790608104
163,Springvalley,6.732620730417138,1945644723,1.039955782584221,2078581451
164,Downside,1.5051543371095757,2915434805,1.67643748237602,9790608104
165,Nawela,2.8610174628707243,9772452559,1.591312818244786,2921376820
166,Koskanuwegama,3.3505159152098583,2905118777,2.992120632223828,9790608104
167,Pannalagama,1.3102814479902487,2524559784,2.512889292617347,4799050971
168,Ambagasdowa1,0.5939433016446475,6365304598,2.8321613880870333,4799050971
169,Bulathwatta,5.174148026065354,1945644723,2.595630452021489,2078581451
170,Hangunnawa,2.234075769810435,2524559835,3.7039736962655976,11254370023
171,Ranhawadigama,1.5550056246106956,2524559835,3.85823620546057,10677516870
172,Kolongasthenna,5.351146516744863,9608017983,9.535102024900159,12843190591
173,Kohilegama,6.3502594020935215,10618470666,6.291846911956231,10618470687
174,Gampaha1,3.7154453785251964,9608017983,7.668823734265165,12843190591
175,Galkanda,1.2508350109156312,1993203376,1.187302955297863,5378347102
176,Kirinda2,4.640154125224449,11966368769,2.3002736055428996,6815543140
177,Viharagala,2.98055055746379,13569933830,0.9591813901347518,7994210817
178,Ritikumbura,7.522125102260777,10618470666,7.464967375689954,10618470687
179,Maspanna,6.666652272791838,10618470666,6.6175100471067765,10618470687
180,Ilukwela,4.639145390010276,10618470666,4.5813588507109335,10618470687
181,Wewegama,4.149686230850374,10618470666,4.103608524240664,10618470687
182,Wegama,5.689245752879094,13084509423,4.005063430016049,5398371669
183,Morethota,3.2255702334199126,1819855346,0.5727199673931128,6815543140
184,Pattipola,4.437300043810046,1819855346,4.035462385844105,6815543140
185,Hapuwalakumbura,4.956744677743697,12587438202,3.42177558970176,5573272529
186,Samagipura,3.9181517547537537,1819855346,2.375672860394909,6815543140
187,Kotakithula,2.7842862757264637,9772452559,0.6937023960031998,2921376820
188,Kithalella,1.5053948861615163,12587438202,0.5343573032582755,4999523726
189,Mavithikumbura,1.8249717668711904,9772452559,0.7987522158306906,6634800273
190,Bindunuwewa,4.762308105082954,11966368769,1.501412954125373,3596023117
191,Mathetilla,5.575579411478048,9772452559,2.2098074750058347,2921376820
192,Udukumbalwela,1.5320260590642705,11966368769,2.027105839686446,4999523726
193,Newberg,1.904102626263411,11425573259,0.9667906552376799,13457718001
194,Udupeella,3.9354054823943025,2905118777,0.9510864457162171,2921376820
195,Namunukula,7.125917587641154,11425573259,3.187707290335561,5599326514
196,Kalubululanda,1.4087123109756527,5124245209,1.5912158691639158,5124245210
197,Millattawa,1.1183690445540948,4265986683,11.49488952356164,5578246161
198,Balagolla,9.874703654766604,5400935336,3.831309820689499,2902110870
199,Baduluoya East,10.192450564831722,3778409802,3.2715888950769907,2902110870
200,Mahatenna1,10.911851685480059,5400935336,1.4541870016643754,3769290713
201,Bibiligamuwa,1.9155689483299247,5124245209,1.6720959018589614,5124245210
202,Nawela West,3.871449418250089,11425573259,3.1089452355491587,13457718001
203,Nawela East,5.444289720271052,11425573259,4.69857298669261,13457718001
204,Halpe,2.1920561447830993,11966368769,1.55901139115818,5573272529
205,Navulla,2.623109871715165,11425573259,2.2019541586337774,5573272529
206,Hewanakumbura,2.4160056317522143,9793173329,3.230681931053573,4799068715
207,Katugaha,4.3721290943434745,1819855346,1.2758935100559734,1819855544
208,Divithotawela,0.10799434837671622,2905118777,0.5861681604814669,2921334809
209,Dikpitiya,4.78759117825554,3778409802,5.035237690817846,3778409357
210,Egodawela,2.389707676532191,3778409802,2.1215266166087114,3778409357
211,Moragolla,3.348432025614957,3778409802,3.5929801122328895,3778409357
212,Budugekanda,2.5999967131916333,3778409802,2.871548095843171,3778409357
213,Pathanegedara,1.8021644343157746,3778409802,1.618571019858574,3778409357
214,Idamepanguwa,4.100190452730371,3778409802,4.372729291735548,3778409357
215,Pallekanda,2.414687712894191,3778409802,2.674547985849848,3778409357
216,Angoda,5.139834229093188,3298298275,1.294520767493046,6528026976
217,Kosgolla,4.256719456649797,3298298275,1.6364263105872359,6528026976
218,Kohovila,2.4525589166611175,13084426806,1.5773617748934279,3301935959
219,Millabedda,2.2555054871914266,5661757672,5.876144776919834,1945644574
220,Maduwatta,1.837074083069532,5661757672,7.436986220490944,1945644574
221,Hopton,0.8905454588216642,5661757672,7.384471310295918,1945644574
222,Medagama,4.7664127415902975,3298298268,2.7793197010529824,2078581451
223,Janathapura South,1.2776522462710054,4921735461,11.09847646812104,6528039309
224,Peessagama,2.491972794981615,5661757672,9.61852842563549,1945644574
225,Pallekiruwa,4.235917191680669,4921735461,10.439994096035434,4561223836
226,Mahadowa,4.2988993506080035,4921735461,7.963412044080741,6528039309
227,Yapamma,2.4867136108883514,5661757672,8.863801629064614,1945644574
228,Sumudugama,1.7497296849308064,4921735461,10.042961221886516,6528039309
229,Sooriyagoda,1.5966598360705682,4921735461,12.285361554591582,1945644574
230,Attanagolla,0.43361563601474,4921735461,12.047744218744942,6528039309
231,Janathapura,2.2698082929888397,4921735461,9.7527875923055,6528039309
232,Madulsima,5.862416998640459,4921735461,5.915895494112862,6528039309
233,Gallulla,6.194922522236412,4921735461,6.327173851817442,6528039309
234,Batawatta,4.757131521130166,4921735461,8.00315779219947,6528039309
235,Galwelagama,8.322729924404662,4921735461,5.825520023158613,6528039309
236,Galauda,8.096757799842285,3778409802,7.193063040787289,5398371669
237,Thetilla,8.836281202651495,3778409802,8.959283926068961,5398371669
238,Beramada,7.129221303818879,3778409802,7.387279949568069,3778409357
239,Wasanagama,9.766478835927737,3778409802,10.037461576938549,3778409357
240,Godunna,8.646126210606358,3778409802,8.918682099664148,3778409357
241,Bopitiya,6.414523260399545,3778409802,6.6877272075049845,3778409357
242,Hapathgamuwa,7.512233594758657,3778409802,7.785908062062055,3778409357
243,Dikkumbura,9.986884795227752,3778409802,9.388454415124494,2902110870
244,Kivulegedara,12.451157431647685,3778409802,6.552236501398921,3769286186
245,Mudagamuwa,9.659506693078322,3778409802,7.425110282921539,2902110870
246,Pallewela1,10.498495557328768,3778409802,6.861045248807574,2902110870
247,Wewathanna1,8.480161184061899,3778409802,4.1245403338786275,2902110870
248,Dambagolla,9.177516089283003,8637057563,1.3583172323920731,5385075816
249,Mahiyanganaya Town,1.2486094683756086,1974694453,1.9524100720541577,2235191852
250,Wewgampaha,3.121900557207958,1974694453,1.22639534463927,1974700307
251,Sorabora,3.9451316469534876,1974694453,0.9289979484617505,1974700307
252,Meegahahena,6.885273303705775,4265986683,6.157655386287862,1974700307
253,Haddattawa,8.186472642903457,1974694453,4.985117747203332,1974700307
254,Viranegama,3.8232723965473263,4265986683,13.371753511547086,1974700307
255,Bathalayaya,5.307587411332036,4265986683,8.324457102610143,1974700307
256,Aluttarama,4.187107091962489,4265986683,10.464820031535265,1974700307
257,Pahala Rathkinda,4.2800692964486435,4265986683,10.882184374732399,6594587260
258,Hobariyawa,2.67261926975827,4265986683,12.28948820858532,5578246161
259,Diyakombala,6.192340809717246,9916792559,13.701426608622935,2902114409
260,Yalagamuwa,9.571123201433585,10618470666,9.52642978579763,10618470687
261,Hevandana,10.321932793950461,5400935336,1.401524109135119,3769286186
262,Alagolla,1.7589361916531554,10618470666,1.6757356507482413,10618470687
263,Gawela,2.27500241803337,1819855346,1.9042141393507974,1819855798
264,Maligathenna2,4.431668936954159,10110608400,3.8872497249636373,5632183375
265,Landewela,5.422433598964739,13084509423,3.8742538523720054,5398371669
266,Medipokuna,5.6870698202261245,10618470666,5.692295203379835,10618470687
267,Panakanniya,5.968754510023222,1819855346,5.030622857835883,5398371669
268,Hathkinda,6.1859440023100865,10618470666,6.161118069831892,10618470687
269,Kindigoda,5.963951522005448,10618470666,5.919663029639377,10618470687
270,Dimbulana,5.179867239854783,10618470666,5.147034023492958,10618470687
271,Neluwa,3.284293049220048,1819855346,2.1906358725430857,6815543140
272,Dehivinna,2.136687403489727,1819855346,2.023723041761456,5304277934
273,Kudumahuwela,2.685632442956362,1819855346,1.4399701651086925,5304277933
274,Wepassawela,3.3623064005870233,1819855346,0.8279668714287488,5304277933
275,Marangahawela,10.06315440229275,3874862041,4.583956976463265,5632183375
276,Kurukude,5.212264255622748,2905118777,2.8711754729528374,1819855544
277,Mapakadawewa,5.2978993429524195,8637057563,0.14319412115944638,4561229190
278,Madhuragama,1.1197759438464383,11425573259,1.115773689143661,5573272529
279,Kelipanawela,2.901318983641597,9608017983,7.107542280248374,1993203439
280,Gemunupura,7.097909822202878,8637057563,4.40259356104021,1974709638
281,Senevigama,7.877773948075488,8637057563,4.586351052346796,1974709638
282,Keselpotha South,10.294508302544928,5400935336,7.410514603154691,5578246161
283,Dikkendayaya,7.852766508892362,5400935336,4.576281304881258,4561229190
284,Kandubedda,13.7568520309007,5400935336,9.830912179338817,5578246161
285,Kuralewela,5.936584758275223,5400935336,10.268030482138544,4561229190
286,Keselpotha North,12.34913261179002,8637057563,5.1374014479173065,5578246161
287,Orubendiwewa,9.64292666694532,1974694453,3.6839560273257272,5578246161
288,Sangabopura,8.26036467630586,1974694453,4.862744351405399,1974709638
289,Wewathanna2,8.824602679100908,3778409802,6.376882538000182,2902114409
290,Yahalewela,1.8770291247236774,11425573259,1.4911126025287171,13457718001
291,Wewekele,5.825702900463923,1945644723,2.757835750115736,5599326514
292,Badulupitiya,0.42882341586678846,3298298275,0.2849695058524558,2078653445
293,Aggalaulpatha,8.918998514778693,3778409802,1.7342878937994342,2902110870
294,Bibilegama West,5.46167525167583,1945644723,3.4384765246390834,5599326514
295,Perahettiya,4.548342335324932,1819855346,1.091359264022816,9772759650
296,Girandurukotte,3.678996770948531,4265986683,7.551646210880349,5578246161
297,Narangala,7.281901997892099,13084509423,5.587286250312064,5398371669
298,Polgaha Arawa,9.990950818945254,3778409802,4.490650650171196,2902114409
299,Dambethenna,0.4288191756476855,1993203085,0.4860559705739063,12581444307
300,Pahala Kadurugamuwa,1.7654686967251734,1818771616,0.9252761954430723,6558184526
301,Polwatta,9.867163203243932,3778409802,5.195740539692944,2902114409
302,Roberiya,10.433336085120986,9916792559,7.953627822375758,2902114409
303,Meegahakivula,7.718105314205334,3778409802,0.3214663462381661,2902110870
304,Weerakongama,7.283108736880769,3874862041,4.173706548830152,5632183375
305,Poonagala,4.6263145112495065,1993203085,4.047041079700048,1993203096
306,Beddearawa,1.8954668178146246,11425549204,3.1144945466530136,1993203096
307,Medawela1,8.413177960195465,13569933830,3.0160459494778706,1712897670
308,Rathkarawwa,2.7352246695635998,10110608400,2.8503686644694106,1821277179
309,Nayabedda Estate,2.346265708684776,1993203085,2.2653929568191358,12581444307
310,Beddekumbura,3.4407539368654203,1993203085,1.6809028963552126,6458271736
311,Kahagolla,1.7165120885661853,1818771616,0.7639199107837826,6458271736
312,Bingethenna,1.611798104336899,1818771616,1.3648207205077956,6458271736
313,Liyangahawela Watta,2.707265487742943,11425549204,2.5519922944622517,1993203096
314,Darahitawanagoda,3.183871783644081,1993203085,1.8389399279555232,3596023117
315,Liyangahawela,1.225367398556034,11425549204,3.4526755588345326,3596023117
316,Mahaulpatha,3.7422534516507553,11425549204,1.0694152474259284,3596023117
317,Aluthwela,2.723471208667853,1818771616,1.3790396912507037,6558184526
318,Ambadandegama,2.194053003238863,11425549204,5.45513235249304,1993203096
319,Creig Watta,2.776421816897153,11425549204,2.275727364916573,3596023117
320,Rahangala,0.7973852448185967,5124245208,0.9309348031225424,1821277179
321,Kinigama,3.342823396572278,11425549204,0.561189921237652,3596023117
322,Ranjallawa,2.7526924810026623,1818771616,1.237279664512581,6458271736
323,Diyathalawa,1.2624400936882803,1818771616,1.579720641454878,6558184526
324,Thanthiriya,4.062419800799872,11425549204,0.4175173056742126,3596023117
325,Boralanda,0.7310103411161147,5124245208,0.7927343505717994,1821277179
326,Ohiya,3.7651823871888936,3874862041,4.326133837674477,3874858928
327,Wangiyakumbura,1.6317376532726129,3874862041,1.9289589496362702,3874858928
328,Ellagama,2.7895072969311325,1818771616,2.507795902878318,6558184526
329,Bandarawela East,4.704060937486928,1818771616,0.23835254123572244,1819858023
330,Weheragalathenna,1.6258081211211057,11425549204,2.7806706941859582,4999523726
331,Kebillewela North,4.817865250607058,11425549204,0.7070639071826407,2522165200
332,Rawanaella,2.2110069137519024,13421401573,1.998952024333455,13457718001
333,Karandagolla,4.185971230040767,11425549204,4.894868294379783,13457718001
334,Helayalkumbura,1.3851993170080394,5124245208,0.9197190662002999,3874859762
335,Kandepuhulpola,2.4502464785144866,3874862041,2.281539609251341,3874858928
336,Palleperuwa,3.2013398943392213,11425549204,1.6276393273475975,3596023117
337,Bogahakumbura1,0.5550642166689943,5124245209,0.5545371685554997,5124245210
338,Hingurugamuwa1,2.9211892667984505,9772452559,2.969638656062498,2921376820
339,Pallewela2,2.058644142539948,9774873911,0.618442484288443,10677516870
340,Kanawerella West,4.154846158967866,1945644723,4.260557889877535,1945644574
341,Alugolla,1.6691872156072025,5124245209,1.7313584335169951,1820038315
342,Welikadagama,4.022860039187526,9772452559,1.4975655608352108,2921376820
343,Medapitigama,4.41707751684195,13084509423,3.5712349272014503,6815543140
344,Alawathugoda,2.9842252650981047,5124245209,2.766136889881896,5124245210
345,Malpotha,2.6180271314132777,9772452559,1.3518337183070255,2921376820
346,Ambegoda,4.255908754912157,1818771616,1.7598501087314598,77844735
347,Govussa,3.446878032629677,11425573259,2.5077205741735185,13457718001
348,Heeloya,2.098986726685742,11966368769,1.3133934421445816,4999523726
349,Bandarawela West,4.526626160996013,1818771616,0.25044568140272516,12145454340
350,Ilukpelessa,5.690547666253313,11425573259,4.761478596477858,13457718001
351,Gonagala West,2.4957331429598963,1945644723,2.5745431488658013,1945644574
352,Thalangamuwa,7.146798496347695,1974694453,4.464063903150575,1974700307
353,Uma Ela,1.0548032595691001,2524559835,3.5988186232789103,11254370023
354,Busdulla,1.2024941220092389,2524559604,1.965336742178418,10677516870
355,Niliathugoda,1.6509490237115174,1819855346,1.459790892065037,6815543140
356,Kandana,5.827479924433897,3298298268,1.9077888733077732,2078581451
357,Uduhawara,3.1255580723497234,2524559835,2.9560279863265517,11254370023
358,Neludanda,2.2747568581418887,1819855346,1.9251931071987691,6815543140
359,Idamegama2,0.913091062600972,2524559835,3.2893205301962816,10677516870
360,Perawella,4.921769893754925,2524559835,2.181829731515872,11254370023
361,Hela Kadurugamuwa,1.8810191127650406,1818771616,2.135550913800018,6558184526
362,Unapana,1.1358577761310178,9774873911,0.9744991404896416,10677516870
363,Welamedagama,3.852555289366591,2524559835,3.229422338579235,11254370023
364,Mugunumatha East,5.048482212739312,3298298268,3.8776437420894165,6815543140
365,Pallegama1,3.1944190599579017,1819855346,3.316584918993903,1819855798
366,Unagolla,3.413976864779567,3298298268,3.6728703062132224,2078653445
367,Ambagasdowa2,3.170055441738424,3778409802,2.9304385548825005,3778409357
368,Tholabowatta,4.317249630648444,1945644723,4.241928272385082,1945644574
369,Palagolla,1.3943470400422886,1945644723,1.4049913499854794,1945644574
370,Medayaya,8.095211150693814,8637057563,2.869585401545073,4561229190
371,Ketakellagama,5.165045370571549,3778409802,1.0977450606882202,6528039309
372,Meeriyabedda,1.5762948445113942,1945644723,1.6012046186624895,1945644574
373,Ginnoruwa,2.1444101388693886,8637012205,16.514523758363257,5578246161
374,Ulhitiya,5.350666841058838,4265986683,14.88037559652309,6594587260
375,Belaganwewa,3.8585670168857362,8637012205,15.073137663260072,5578246161
376,Aluyatawela,3.7340627805235,8637012205,20.784076707726392,5578246161
377,Hebarawa,1.6356483534831179,8637012205,18.585351907349978,5578246161
378,Theldeniyaya,4.460993003594589,8637012205,17.676640754620326,6594587260
379,Rotalawela,7.46794948256883,8637012205,23.688867401063387,6594587260
380,Dambarawa,2.76775691616484,8637057563,1.8425111140597534,2235191852
381,Passara Town North,0.31342738884514604,1945644723,0.25543214630059935,1945644574
382,Thennuge,2.0076467349792106,1945644723,1.913108125594516,1945644574
383,Kudugala Pathana,4.365753392448369,5661757672,6.195902303852669,1945644574
384,Pelgahathenna,3.4980808644932777,1945644723,3.549006438639947,1945644574
385,Sapuroda,2.3215113758707884,1945644723,2.296488769091769,1945644574
386,Udagama2,3.4790422907888376,1945644723,3.488959045550625,1945644574
387,Meedumpitiya,4.004807396925853,5661757672,4.099128925396023,1945644574
388,Paramahankada,2.88371630515981,1945644723,2.800707990984836,1945644574
389,Medawelagama,3.31512505967812,5661757672,4.2403823006677275,1945644574
390,Passara Town East,0.7244476649563678,1945644723,0.6220071821710044,1945644574
391,Nikebedda,4.213653510693227,1945644723,4.1758206398557345,1945644574
392,Maligathenna3,2.536386974013702,5661757672,6.08265987468814,1945644574
393,Maussagolla West,3.076004976416049,1945644723,3.1803761977710754,1945644574
394,Madugasthalawa South,4.506596660871489,5661757672,5.802837699183037,1945644574
395,Gerandiella,3.4992077957142627,5661757672,7.399756616110457,1945644574
396,Thalagahagedara,7.250548058935997,3298298268,3.7471266811942296,6528039309
397,Madugasthalawa North,6.765986090240849,4921735461,5.506135270192235,6528039309
398,Janathapura North,4.174747795041897,4921735461,10.250421656841437,6528039309
399,Dambakote,8.348598142663048,3298298275,2.963465884739734,6528039309
400,Palawatta,7.028963599997465,3778409802,2.845154228111501,6528039309
401,Demodara2,5.608374171653959,3778409802,3.370493971076414,6528039309
402,Ekiriya,7.619302826576571,3778409802,6.19776070550005,6528039309
403,Welgolla,5.883913990831197,1945644723,5.844205069350489,1945644574
404,Ambathenna West,1.2327407540224087,1945644723,1.166654691454312,1945644574
405,Passara Town South,0.07763047738642168,1945644723,0.09303376004866892,1945644574
406,Kanawerella,4.747256567032127,1945644723,4.852657211985822,1945644574
407,Kahataruppa,6.793648811338901,3298298275,1.8204531192425932,6528039309
408,Kandegedara Town,4.694157275871934,13084509423,3.0039152321614937,5398371669
409,Kirioruwa2,3.264999639667527,13084509423,1.6062625851693353,5398371669
410,Alakolagala2,3.4682911187323913,4921735461,12.920787187517472,6528039309
411,Udakiruwa,3.9502986441804118,4921735461,13.44685123903673,4561223836
412,Metigahathenna,7.706443574088607,4921735461,7.7463498034234615,6528039309
413,Wewabedda,6.938776327748061,4921735461,9.222013707702088,6528039309
414,Dikyaya,7.684673636553007,5400935336,6.997703416284153,2902114409
415,Udapanguwa,1.9384064840690787,4921735461,12.307493544970772,6528039309
416,Komarika,6.577094601770608,3778409802,1.0524576071725973,2902114409
417,Arawatta,5.395079126323973,8637057563,2.1409022087869665,1974709638
418,Kottalbedda,2.0114247631592996,4921735461,10.59222308233307,1945644574
419,Rendapola,0.7844195311631372,5661757672,8.219123183120905,1945644574
420,Arawa,8.690146377297218,5400935336,5.024864136060338,2902110870
421,Pinnagolla,6.9764609936336095,5400935336,6.275704990268648,3769290713
422,Kandegama,5.337350097769605,5400935336,9.338816516983158,2902114409
423,Deekirigolla,6.7834544469661004,5400935336,4.338654645705073,3769290713
424,Mahagama,4.525456664911433,5400935336,7.2566096586055355,3769290713
425,Rideemaliyadda North,2.2210806243032586,5400935336,10.17341886098536,5385075809
426,Ritigahaarawa,2.397827226834647,5400935336,7.9098204392364675,5385075809
427,Kuruvithenna,6.578409831003964,5400935336,3.081559557770022,5385075809
428,Rideemaliyadda South,4.104367537493689,5400935336,12.427857577045735,5385075809
429,Uraniya,0.24607742340718725,5400935336,9.300855463055544,5385075809
430,Thaldena,3.879243431396555,3778409802,3.336358759038283,2902114409
431,Aralupitiya,16.736129093833153,9916792559,17.592364570929174,6594587260
432,Kandakepoo Ulpotha,11.513018471896034,5400935336,1.4050931953469907,3769286186
433,Aluketiyawa,8.922852732220933,5400935336,9.9734230573287,5578246161
434,Ikiriyagoda,11.258151203404209,5400935336,7.495691385479791,5578246161
435,Pitamaruwa,10.347581644078184,3778409802,7.395164754880727,2902114409
436,Watagommana,10.820508002138158,3778409802,6.747094064740431,2902114409
437,Kalugahakandura,7.956584514309953,3778409802,2.9847683415965074,2902114409
438,Akurukaduwa,6.130895460953798,3778409802,1.586893698152016,2902110870
439,Kandaketiya,12.172558346081235,3778409802,3.1836563632838186,3769286186
440,Karametiya,9.153880654439531,5400935336,1.8588848807855969,3769290713
441,Welaoya,14.526943947450608,3778409802,5.104851392745102,3769286186
442,Baduluoya West,12.567215332532824,5400935336,1.7405393548622994,3769286186
443,Mahakele,14.19531973706246,8637057563,4.466714785425662,3769286186
444,Bokanoruwa,6.652663285155246,3778409802,6.398936923332635,5398371669
445,Maliyadda,5.752738188918526,3778409802,4.102369931140893,2902110870
446,Bogahakumbura2,5.1632064369227315,3778409802,5.432558182424766,3778409357
447,Welikemulla,2.2745164651625527,3298298268,2.534240759719346,2078653445
448,Jangulla,4.374044071569415,13084509423,2.7973045357488755,5398371669
449,Erabadda,1.0239133900239141,9793173329,0.5309745842710085,4799068715
450,Ketawala,4.227222758200852,13084509423,3.061607148419458,5398371669
451,Godegama,4.4492420367172825,3298298268,3.7733054587536183,2078581451
452,Kottagoda,5.73077537253365,3298298268,2.7447286100486865,2078581451
453,Imbulgoda,3.5394523369585875,3298298268,3.7582089078973646,2078653445
454,Udakohovila,1.9800275199470123,13084509423,1.3755311137852637,5398371669
455,Ohiya Estate,5.023750341392008,3874862041,2.16051882835106,5632183375
456,Viharakele,0.872693709675654,1818771616,1.4869799577820866,6558184526
457,Hethekma,3.3755800491575942,13084509423,2.4703517986577097,5398371669
458,Bambara Pokuna,5.590389261363386,6257451773,5.074494953810511,12843190591
459,Kosgama,13.99596224089506,13569933830,8.239565949101332,1712897670
460,Piyarapandowa,3.040508083054757,11966368769,2.3383087147316544,1819855544
461,Akkara Seeya,8.650824112639866,1993203376,7.92371916567314,7994210817
462,Warakadanda,5.890369419331927,11966368769,2.0439476219827375,1819855544
463,Welanvita,7.352558131762668,9608017983,9.409092269454746,5378347102
464,Karagasthenna,0.293154894755073,9772452559,1.5407178513762507,1820038315
465,Idamegama3,0.9006501905766892,12587438202,0.8326997479074887,5573272529
466,Mahalanda,13.010371323211107,9608017983,10.937477096625006,7092914957
467,Mahatenna2,4.1974332289721445,11966368769,1.3980606636807902,1819855544
468,Galtenhena,5.438325481175297,11425573259,4.814905450987434,13457718001
469,Millagama,1.352398098395675,11966368769,2.419621712637011,4999523726
470,Pupula,5.794205756124366,11425573259,3.624936780293314,2078581451
471,Idamegama4,2.0378710513295446,4885968676,1.2249464368247402,4799068715
472,Horadorowwa,4.64260680064537,10110608400,3.627411719224604,6558184526
473,Medawela West,3.000201426181801,11425573259,2.511115667152904,13457718001
474,Yalpathwela,1.7293911431918274,2905118777,1.1548708316970233,2921334809
475,Mahathenna,1.7620222461714012,10110608400,1.1169589389114838,1820038315
476,Mirahawatta,4.1826620211170304,2905118777,2.0138435777911265,2921376820
477,Kodakumbura,3.1340174196631354,2524559835,4.751955541565586,10677516870
478,Kabillegama,2.0309558844568585,9793151062,1.0811292935218446,6634814556
479,Medagedaragama,2.5777023881096643,2905118777,1.5882658928732147,6634800273
480,Ketakella,1.19806185693886,2905118777,0.8635431850810484,2921334809
481,Ambewela,4.717535611385791,9793173329,5.099136404966917,5124245210
482,Malitta,5.371055498188146,1819855346,0.7822269024464242,1819855544
483,Dimuthugama,1.7295525491635027,9793151062,0.9117776379866411,9770268207
484,Palugama Ella,1.6089537922163473,4885968676,0.8902939726980653,4799050971
485,Ettalapitiya,5.176159432305558,11966368769,1.3006396237588846,6458423923
486,Wewathenna,5.086506640408937,1818771616,0.8095417445011336,77844735
487,Diganathenna,5.875582988016321,1818771616,1.9651645927935262,77844735
488,Dodamgolla,7.842786824631091,11425573259,3.2637414284502055,5599326514
489,Ballaketuwa,5.462946342157097,11425573259,4.488337708790734,5599326514
490,Udaperuwa2,2.9163142701890186,10618470666,3.0008218626514345,10618470687
491,Weliulla,1.8181693647240291,10618470666,1.9050411899122452,10618470687
492,Konthahela,6.66524308959474,11966368769,3.1506368641922373,1819855544
493,Yahala Arawa,1.1687072122528899,9785764862,1.084131524724635,9790608104
494,Kerklis,3.3049702035073234,10618470666,3.278220057770505,10618470687
495,Kurundugolla,0.7484521369508521,2524559604,2.2853960356955048,10677516870
496,Silmiyapura,3.90680885157625,9793173329,1.3232321818500028,11254370023
497,Boragas,2.952156250806641,9793173329,2.5238701845113196,11254370023
498,Galahagama,4.495089885857594,9793173329,0.5990290385984882,11254370023
499,Gavarammana,1.1811681103193346,9793173329,2.175064756057333,4799068715
500,Medawela2,2.7634209120269264,2524559835,1.8331365692910082,11254370023
501,Karagahaulpatha,2.1738557011791055,2524559835,2.5702031511442764,11254370023
502,Erenawela,4.926590124812534,1818771616,0.7322479144149412,77844735
503,Inikambedda,3.88439383571261,1818771616,0.9697646283374738,1819753850
504,Kahattewela,3.785273435712162,1818771616,0.5928956010108666,77844735
505,Obadella,2.8773594971825496,1818771616,0.8199685986161691,6458271736
506,Dematawelhinna,2.526922858685118,3298298268,2.782799602906956,2078653445
507,Hinnarangolla2,1.79758866978319,1819855346,1.2982577199494556,5304277933
508,Gediyaroda,5.352145191524593,1818771616,0.8982164574078174,2522165200
509,Vineethagama,5.698820057703736,3298298268,5.326053723027945,2078581451
510,Watagamuwa2,8.198525636555233,3874862041,0.8140363721311438,1712897670
511,Pitiyakumbura,2.7759030706197434,10618470666,2.8214881830736145,10618470687
512,Kendagolla1,0.4724681228896956,9785764862,0.5459169223346988,9790618907
513,Kendagolla2,5.631781220646679,3298298268,3.92465550567338,6528026976
514,Ilukthenna,3.0710656928332614,3298298268,2.3910225004648926,6528026976
515,Andeniya,1.2060999254609255,3298298275,1.0590870992575356,2078653445
516,Etampitiya,0.6956823277429423,1819855346,0.8112703864856646,1819855798
517,Kailagoda,1.2687057320142863,13084426806,0.29759240192696895,3301935959
518,Pitawelagama,1.25086860246031,13084426806,0.540865691820425,3301935959
519,Medapathana,2.0727302069076674,13084426806,0.769260737738107,3301935959
520,Badulla North,1.673445685201824,13084426806,0.41731560084944885,3301935959
521,Wethalawa,7.689690378845083,10618470666,7.650172069946062,10618470687
522,Hinnarangolla3,5.496464393617149,3298298268,2.664048553598476,6528026976
523,Sirimalgoda,2.4598742810750602,3298298275,1.7098952673717378,6528026976
524,Damanwara,3.8333347359452263,3298298275,1.102948384129373,6528026976
525,Arawakumbura,5.246045959047026,4921735461,13.049343487058042,6528039309
526,Beddegama,6.623064936304829,11425573259,0.8231795499247012,2078581451
527,Bogoda,6.5069760119272555,13084509423,4.978464901989591,5398371669
528,Medagodagama,3.8434666147763816,2524559835,0.9007545198747071,11254370023
529,Kolathenna,1.829859233099185,13569933830,1.3917312625462743,1993203238
530,Rahupola,2.2609851637901,10618470666,2.3327388998146708,10618470687
531,Thennakonwela,1.6644448173153472,5124245209,1.5089116287299789,5124245210
532,Puranwela,0.6484093365922459,4885968676,0.7551945571103287,4799068715
533,Palugama Town,0.28446150638444895,9793173329,1.2564740563130263,4799068715
534,Keppetipola,1.00603516233818,9793173329,1.6819075120094948,4799068715
535,Himbiliyagolla,2.810819694251046,5124245209,2.579416441382185,5124245210
536,Kokatiyamaluwa,7.983821961481721,10618470666,7.169012786764515,5398371669
537,Pussellawa,1.0193830193289128,3778409802,0.9394507200381408,3778409357
538,Girambe,1.9477023120000776,4885968676,0.9437634141219187,4799050971
539,Soranathota,4.266839341277205,3778409802,3.6682526484897298,5398371669
540,Kithulwattagama,2.776515879322159,13084509423,1.4788974586450725,5398371669
541,Kotawera Pahalagama,1.128096235042234,2905118777,1.735183842348899,9790608104
542,Alakolagala1,6.770164865882976,9793173329,4.643695449459668,11254370023
543,Dangamuwa,1.476879357920245,6365304598,1.4756680425891815,4799050971
544,Springvalley Estate,5.5550396212581035,1945644723,2.5692471241190287,2078581451
545,Pupula West,4.57349400520087,11425573259,3.2603395558358548,2078581451
546,Voldemar,3.6666093201547523,9774873911,3.537979048110321,10677516870
547,Mahawattagama,2.182507711398949,13084509423,2.4767426578053726,2078653445
548,Bambarapana,2.2798663120072833,10618470666,2.290527551499908,10618470687
549,Ledgerwatta,5.765861329463534,3778409802,4.6216415827438135,5398371669
550,Deegalla,4.352889213068378,1819855346,3.962019619422842,1819855798
551,Malwattegama,4.297499067187337,10618470666,4.299414436640037,10618470687
552,Rideepana,3.311991421988745,13084426806,2.0167375445730276,3301935959
553,Kuttiyagolla,5.536706167853628,3298298275,0.6868324357526806,6528039309
554,Idamegama1,5.060656159944287,13084509423,3.5365536343356276,5398371669
555,Yatilellagama,3.1584621889140516,3778409802,3.1356049118021785,3778409357
556,Wattekele,3.0042449591049443,3778409802,2.730636509626692,3778409357
557,Pussellakanda,2.2789164626769356,3778409802,2.4169263825064875,3778409357
558,Kanupelella,2.0380135894484757,3298298268,2.291300368115301,2078653445
559,Viyadiguna,4.5523287275330455,3298298268,4.6755873558025005,2078653445
560,Welibissa2,4.99664870625006,1945644723,4.998540003946864,1945644574
561,Hingurugamuwa2,2.0489655771598594,3298298268,2.27601663888953,2078653445
562,Badulla South,0.8427558444799254,3298298268,1.100526243823636,2078653445
563,Wewessa,5.5979818552603104,3298298268,5.071104047963094,2078581451
564,Glen Alpin Estate,5.289682819311787,3298298268,4.236590417125091,2078581451
565,Badulla East,0.3284774823497641,3298298268,0.583601120246655,2078653445
566,Hindagoda,1.0941524670274112,3298298268,1.2415433934162423,2078653445
567,Rambukpotha,2.246952633217538,3298298268,2.32438335334859,2078653445
568,Malangamuwa,3.207606015833905,3298298268,3.2658808877835264,2078653445
569,Badulla Central,0.21322841426453135,13084509423,0.9144064654712669,2078653445
570,Katupelella,0.8440686858831392,13084509423,1.1986840799497165,5398371669
571,Hegoda,1.2997352240453879,3298298268,1.267430871476963,2078653445
572,Badulla West,0.7075045919511084,13084509423,1.109619341079424,5398371669
573,Weliyaya,9.36247794844098,4833926726,2.63855877231142,2418603880
574,Horombuwa,1.6108324084849328,13155679168,1.5895033623641774,13155679169
575,Rattanapitiya,9.80981058545684,13155679168,3.13375161044444,2418603880
576,Kodayana,5.8820131465061785,4515019298,16.491198576991383,2418603880
577,Nugagahakivula,8.229897330551921,4515019298,14.120501266230457,2418603880
578,Alupotha,3.661035050319894,13155679168,3.6289040698846486,13155679169
579,Kotamuduna,5.308950802500081,1945644723,5.3229384744866,1945644574
580,Maligathenna,0.38430261695727935,13155679168,0.5113701065289787,13155679169
581,Galgamuwa,14.130977426338905,1877385268,14.89664526136244,1877384936
582,Uravula,21.285914964792084,9916792559,25.54948585277317,1877384936
583,Katharagama,16.074530830420436,1744023357,16.035389894489562,1744023361
584,Kahakurullan Pelessa,23.543985197151713,9608017983,15.151080535454943,6257449257
585,Galtemmandiya,2.6517582856046182,1722822880,3.5396049290923317,4920389452
586,Sooriyaara,35.58612791474782,9608017983,20.45822689371976,6257449257
587,Hambegamuwa,29.105436264883938,9608017983,26.003453550942794,6257449257
588,Alugalge,6.7327053943651265,4515019298,18.65636250644768,2418603880
589,Bulupitiya,16.63030703916834,9916792559,19.48013311293978,1877384936
590,Usgala,33.69598001135428,6257451773,17.665446493240886,6257449257
591,Habarugala,43.11748772434082,1744023357,31.09329850844027,6257449257
592,Mahawewa,29.46305219899351,9608017983,16.529048238688183,6257449257
593,Kithulkote,20.865721963678862,1744023357,8.068296874791258,6257449257
594,Polgahagama,9.696840915723852,4515019298,16.14496604386109,2418603880
595,Madugahapattiya,1.9305762787718288,13155679168,1.797473623381187,13155679169
596,Punsisigama,3.3595499611267967,13155679168,3.2242234410097854,13155679169
597,Nelliyadda,22.678619147294793,1877385268,23.653265481117426,1877384936
598,Mullegama,11.543965509801401,1877385268,12.516320464112324,1877384936
599,Thelulla Colony,19.10657113465756,6257451773,1.0764614077962564,6257449257
600,Thelulla,15.10628449007835,6257451773,2.2649822353301623,7092914957
601,Waradola,4.986126815227624,13155679168,5.019194530066882,13155679169
602,Balaharuwa,22.286921517237694,6257451773,9.32446116859424,6257449257
603,Udagama,0.30652578063391034,6352132917,1.0350444260145282,4059494712
604,Karandugala,18.36753548191318,9916792559,23.310751314819157,1877384936
605,Kalagahakivula,2.7794554999460264,13155679168,2.6444653570934005,13155679169
606,Kohukumbura,5.495232138524228,11068267299,13.664929538409808,4561223836
607,Thalkotayaya,8.931678871934732,4833926726,13.043050838526591,4561223836
608,Aliyawatta,12.371511090240668,4833926726,2.9281323421136314,2418603880
609,Aluthwewa,22.14527086673924,9608017983,20.673717200367147,7994210817
610,Kurugama,5.768624243682833,11425549204,7.061850285689543,1993203096
611,Mahagodayaya,2.6871594867007462,1722822880,3.269900247173675,4059494712
612,Dikyaya,2.6632044365769043,6352132917,1.4456740600079845,4059494712
613,Katugahagalge,5.158298192469025,6352132917,4.007907399804207,4059494712
614,Yudaganawa,2.763454967339201,6352132917,2.4271470595881843,4059494712
615,Uda Arawa,9.090103885419905,6352132917,8.625949229800682,5599326514
616,Horabokka,6.142996743505657,6352132917,6.125275826621342,4059494712
617,Minipura,10.512864164075047,4515019298,21.375775423842025,2418603880
618,Wijayapura,12.670018632311155,4515019298,27.724380556325016,2418603880
619,Thenagallanda,11.906402172398375,1722822880,10.900775833843305,6261305015
620,Therappahuwa,6.023081954578822,13155679168,5.754025794698121,2418654132
621,Magandanamulla,11.198885952016738,13155679168,1.0674840316302014,2418603880
622,Ethiliwewa,16.210747966111295,6257451773,4.760521277068176,7092914957
623,Wattegama,18.698573882644826,1722822880,18.686914809704398,4920389452
624,Rahathangama,18.11759517530793,6352132917,9.6950241580559,6257449257
625,Madukotan Arawa,3.762205419752366,13155679168,3.666229081072797,13155679169
626,Veherayaya Colony,10.930275025712602,6257451773,2.4996955193133954,7092914957
627,Handapanagala,10.682744392867523,6257451773,2.826222573079158,7092914957
628,Mahaaragama,18.20891416585327,6257451773,4.4727236174849345,6257449257
629,Debeddekivula,8.400116891208748,4833926726,4.789027975479044,2418603880
630,Kotavehera Mankada,18.8934323191562,1993203376,16.720751452288315,7994210817
631,Randenigodayaya,10.882055029544262,6257451773,2.0592322966764622,7092914957
632,Guruhela1,6.2635935182047415,4515019298,16.856533413369277,2418603880
633,Siripuragama,12.413987943605228,6257451773,4.933638392858149,7092914957
634,Yakurawa,5.269901315994895,13155679168,5.177683918835162,13155679169
635,Kivulayaya,4.025386022945815,4515019298,18.47344643996701,2418603880
636,Ethpattiya,5.282550002252828,1945644723,3.344304432298794,5599326514
637,Badalkumbura,1.0831876785579373,13155679168,0.9660847605007404,13155679169
638,Nakkala,6.96294818051485,13155679168,5.194389965200188,2418654132
639,Karagahawela East,6.371596380584092,9916792559,12.390394821633377,2902114409
640,Baduluwela,16.076192736843986,1877385268,15.913117414566889,1877384936
641,Ambagolla,3.121813852737957,9916792559,18.003991389505966,2902114409
642,Rathupasketiya,0.7485766628752168,9916792559,17.59309728038826,2902114409
643,Wegama South,3.8268407310254604,9916792559,14.907263735828408,2902114409
644,Nagala,2.6382274967665214,9916792559,20.8496621406475,2902114409
645,Hamapola,9.817594837596461,9916792559,20.788236355184107,4561223836
646,Kokunnewa,4.438753361370891,9916792559,22.01718905890663,4561223836
647,Gaminipura,1.76014240758695,1722822880,4.0721389835707305,4920389452
648,Radaliyadda,2.051403157389322,9916792559,19.806412889325294,2902114409
649,Wegama,3.6938429529224655,9916792559,16.33355480757186,2902114409
650,Kehel Attawala,7.825023477644754,5400935336,10.498491342459014,2902114409
651,Gedavila,4.291810908962657,13155679168,4.4053083029081535,13155679169
652,Pitakumbura,6.651374971054131,9916792559,23.992351628112303,4561223836
653,Kahambana,10.395074880504033,1722822880,10.672775983959227,4920389452
654,Ethimale Colony,9.592100333495564,4515019298,21.60943444521346,2418603880
655,Karagahawela West,9.21129785197117,9916792559,9.362624943910054,2902114409
656,Samagipura,38.345356044443996,9608017983,25.601104274837628,6257449257
657,Iluklanda,6.56950857975716,4833926726,5.26260308779792,4561223836
658,Galbokka1,3.0047862108016083,4833926726,3.603930074585856,4561223836
659,Magandana,1.7437581834311726,4833926726,4.715489311677883,4561223836
660,Yakkadurawa,4.772589549230738,4515019298,21.81481612170927,2418603880
661,Yakkadurawa,8.113203102397483,4515019298,20.937168188763593,2418603880
662,Panguwa,8.37308007421221,4833926726,10.434302318788129,4561223836
663,Ambelanda,2.3154693328029747,9916792559,18.173585570547953,2902114409
664,Ambelanda,3.737293811527186,9916792559,17.7386980373525,2902114409
665,Hambegamuwa Colony,29.525316083299344,9608017983,21.04332899615363,6257449257
666,Uva Kudaoya,22.005648159304574,6257451773,2.0746153896577364,6257449257
667,Pettagamwela,1.650581081926384,6352132917,1.5741345987463233,4059494712
668,Galbokka2,3.2442752708110905,6257451773,6.121263659888345,12843190591
669,Pelwatta,7.734011459403133,6352132917,8.219151080594397,4059494712
670,Sudupanawela,4.056861504828276,6257451773,5.783407512405204,12843190591
671,Unawatuna,3.46103481963943,6352132917,3.867882157873533,4059494712
672,Kotikambokka,4.138342688331502,6257451773,7.014225041896995,12843190591
673,Habarattawela,47.06706864922183,9608017983,35.266572995937224,6257449257
674,Mahagama,46.21153804561455,1744023357,35.167945696478334,6257449257
675,Keliwessa,10.031670751025167,6352132917,6.087676753633431,5599326514
676,Vilaoya,9.956015605941047,4515019298,17.526016414600452,2418603880
677,Bahirawa,45.27048876289006,9608017983,33.669826370570604,6257449257
678,Kawdawa,12.34702857339802,1722822880,4.497650289744064,6261305015
679,Pussellawa,5.6133089566759296,1722822880,6.954473285365469,6261305015
680,Dambagahawela,10.34228952155871,1945644723,2.676604041567189,5599326514
681,Hulandawa Left,10.99245395741806,1722822880,3.6825371992489613,6261305015
682,Gemunupura,7.035790440843319,4515019298,19.835818038968988,2418603880
683,Kumbukkana,5.988131787473792,1722822880,6.061262813800683,4059494712
684,Perakumpura,7.117481133324126,4515019298,21.212031664179612,2418603880
685,Muppane,11.618868818128732,1722822880,0.592809804108696,6261305015
686,Bogahapelessa,7.219520660390932,13155679168,7.090451722601807,13155679169
687,Miyanakadura,7.043424810993748,1945644723,1.5978744335108468,5599326514
688,Ethimale,7.834496032134062,4515019298,17.28037157943444,2418603880
689,Eththalamulla,6.216300497139591,13155679168,6.082234240445962,13155679169
690,Hulandawa,11.03376778747293,13155679168,1.0296397926067553,4558102451
691,Athala,5.156142624627349,13155679168,5.014322569999644,13155679169
692,Meegahayaya,6.527836264491378,13155679168,6.3867923503575845,13155679169
693,Siripura,8.802582769874611,4515019298,26.903523364189866,2418603880
694,Viharamulla,13.061584200248618,13155679168,1.036533718789476,4558102451
695,Maduruketiya,9.373271032954051,1722822880,4.429817853746787,6261305015
696,Naranwatta,5.067546882500481,13155679168,4.948451794331931,13155679169
697,Dewathura,8.40062813361995,1945644723,1.2644543434798792,5599326514
698,Pahatha Arawa,13.548138885742455,4515019298,12.651978985287991,2418603880
699,Bohitiya,15.16312894869034,4833926726,8.544761599371329,2418603880
700,Kolonvinna,13.590154896577419,4833926726,6.526405304058715,2418603880
701,Nugamura,4.262584815161317,11068267299,12.44237837153692,4561223836
702,Diviyapola,3.8044997748363967,11068267299,11.844246378338667,4561223836
703,Mailagasthenna,3.7244325870648893,13155679168,3.8058700727816093,13155679169
704,Mellagama,4.531257122566642,11068267299,8.848732953826481,4561223836
705,Nugayaya,3.756640581489237,6257451773,0.820565120813109,12843190591
706,Kongolla,4.161681974134226,11068267299,11.788494274370015,4561223836
707,Nannapurawa,5.388355698533825,11068267299,13.387987754992876,4561223836
708,Bibilamulla,6.193047432647941,11068267299,14.384494010687803,4561223836
709,Pubuduwewa,10.812540769330708,6257451773,6.375284883185646,7092914957
710,Veherayaya,11.070439942135213,6257451773,1.7760453414669595,7092914957
711,Kotagoda,17.45224896586503,4515019298,17.364659221786667,1877384936
712,Waragama,17.6330562423287,4515019298,17.77899705310726,1877384936
713,Senpathigama,6.649199156579677,11068267299,14.559182770847508,4561223836
714,Dahamgama,6.241854456931316,11068267299,13.709648951087889,4561223836
715,Pahalagama,2.472446194888257,1722822880,0.10639736068319813,4920389452
716,Mahasenpura,7.178161164725086,6352132917,8.10581158434391,4059494712
717,Warunagama,4.60055718957554,6257451773,3.005136926148147,12843190591
718,Karavila,2.267437333944299,13155679168,2.38870780228577,13155679169
719,Veheragala1,4.6616239589941895,6352132917,5.668548485939788,4059494712
720,Obbegoda,7.445772576636837,4833926726,4.3862766505138815,2418603880
721,Dimbulamure,2.4102639946520252,6257451773,4.944946613657285,12843190591
722,Medagama1,2.357743648921545,6352132917,3.437922058304904,4059494712
723,Thalawagama,4.3035187533994606,13155679168,4.3415086213729195,13155679169
724,Puhulkotuwa,2.672355532083932,6352132917,3.8128130204563275,4059494712
725,Okkampitiya,0.48807362107800534,1722822880,2.056653137970442,4920389452
726,Anapallama,6.613515002390559,6257451773,6.470837944888566,12843190591
727,Maiyokka Watta,3.370200296408826,13155679168,3.4293996532717936,13155679169
728,Madamagama,2.141568326739307,13155679168,2.275288383198412,13155679169
729,Manabharana,1.9845637380862977,4515019298,22.446756746512463,2418603880
730,Kotiyagoda,9.27957218851134,4515019298,13.652801273422634,2418603880
731,Neelawa Bedda,10.22271074250833,4515019298,13.691842375953248,2418603880
732,Tenwatta,6.26564421415738,13155679168,6.31245186812341,13155679169
733,Veheragala2,13.709439846134028,1722822880,9.931442500394873,6261305015
734,Guruhela2,7.683369278431468,13155679168,5.837970843980422,2418603880
735,Ruhunu Danawwa,3.256004265997654,4515019298,24.688802709216265,2418603880
736,Neluwagala,8.184884282205806,6257451773,5.276644352574103,12843190591
737,Karambagoda,4.148278928470897,4515019298,26.43268699128557,2418603880
738,Magandaoya Colony,7.924321888704745,4833926726,10.615063810069417,2418603880
739,Kivul Ara,24.43458737088502,1744023357,11.75282707652895,6257449257
740,Indikolapelessa,43.708976880826576,9608017983,31.78582676967493,6257449257
741,Nugegalayaya,38.64729126256619,1744023357,27.368014282798104,6257449257
742,Punchiwewa,38.44113612920636,1744023357,24.8089111658365,6257449257
743,Bodagama,27.325821352411776,1744023357,13.658565134263746,6257449257
744,Kiri Ibbanwewa,40.4346280270081,9608017983,28.21458415346837,6257449257
745,Nikawewa,31.66259036143907,1744023357,16.134272950620137,6257449257
746,Muthuminigama,43.400883240204436,9608017983,34.74829395569794,6257449257
747,Kandasurindugama,4.317721572499713,1744023357,4.336270612247539,1744023361
748,Seenukkuwa,12.472237599732132,1744023357,12.452979394043298,1744023361
749,Sella Katharagama,9.1178450526673,1744023357,8.997572229908794,1744023361
750,Habaraluwewa,38.51895586030551,9608017983,28.33517614389618,6257449257
751,Marawa,11.220755730152378,1722822880,6.788321644732119,6261305015
752,Weliara,37.22679262485455,9608017983,23.490553523340637,6257449257
753,Detagamuwa,2.1119224911763155,1744023357,2.2013888719535895,1744023361
754,Nape,14.602114401025196,1877385268,14.188908555881138,1877384936
755,Sevanagala,41.41006300548148,9608017983,31.6747415272405,6257449257
756,Thotillaketiya,6.461736405086987,9916792559,19.58850876724854,4561223836
757,Katupilagama,40.16233609426567,9608017983,33.8505532025234,6257449257
758,Sittarama,17.316393643158342,1744023357,14.454347659595193,6257449257
759,Debaraara,26.073758524326784,6257451773,8.671780912831853,6257449257
760,Karavile,9.781362600014988,1744023357,9.6807093831943,1744023361
761,Madugama,2.589858371754205,4515019298,21.793626478994646,2418603880
762,Maha Kalugolla,7.154463885136529,4515019298,29.107223228678098,2418603880
763,Dombagahawela,11.77320148834159,4515019298,10.609679763192425,2418603880
764,Indigasella,10.30894804603214,4515019298,12.0776861523828,2418603880
765,Liyangolla,9.948336489142704,4833926726,9.077342351511273,2418603880
766,Sri Wijithapura,2.005165225424747,4515019298,24.259019864283125,2418603880
767,Wekumbura,2.0647413087281548,13155679168,2.1333349309314276,13155679169
768,Lindakumbura,1.059524777242768,9916792559,19.003690762629105,2902114409
769,Kimbulawela,8.101697532835301,4833926726,6.3479331365342055,2418603880
770,Ankada,5.190656001935859,1945644723,5.172272431736241,1945644574
771,Kandiyapitawewa,13.70377812410233,9608017983,12.655236263872903,7994210817
772,Andawelayaya,6.969006793870915,6257451773,4.718393277196028,12843190591
773,Buduruwagala,4.725266437187639,6257451773,2.2605221194702505,12843190591
774,Gonagan Ara,16.913160986910917,1722822880,14.661058838297675,4920389452
775,Kukurampola,9.353286473551602,6352132917,10.562981204239845,4059494712
776,Kumaragama,10.592418319538004,6352132917,9.157067650815208,12843190591
777,Yalabowa,2.147375331878024,6257451773,1.1841797695582783,12843190591
778,Minipuragama,7.665418400860257,1722822880,6.377462374004112,4920389452
779,Waguruwela,5.154515612653454,6352132917,5.352428116484857,4920389452
780,Kumarapura,9.164018874409768,6352132917,10.389496232571283,4059494712
781,Wellawaya,1.1075840689029104,6257451773,1.9651037011365597,12843190591
782,Yatiyallathota,7.816459984432119,6352132917,8.423200242767702,4920389452
783,Konketiya,8.007073674329957,1722822880,5.629826973513241,4920389452
784,Buruthagolla,4.627026411175389,1722822880,2.93323408785996,4920389452
785,Bokagonna,5.928493358003594,9916792559,23.080148508565046,2902114409
786,Maligavila,10.10937169396011,1722822880,9.308580490936205,4920389452
787,Inginiyagala,5.4285874141635615,1877385268,5.53360754786355,1877384936
788,Ulugala,4.369431790091126,1722822880,3.781486801791629,4920389452
789,Dahagoniya,2.1948203415735095,11068267299,10.141566809955222,4561223836
790,Kotiyagala,23.638942263111492,4515019298,27.5799066979193,4920389452
791,Thissapura,9.915847541931086,4515019298,23.574544053574478,2418603880
792,Randeniya,8.047980720256714,6257451773,7.023207404466459,5599326514
793,Ussagala,5.017469825134494,9916792559,20.41802449681079,2902114409
794,Nilgala,10.85094812144783,9916792559,25.886810846318696,4561223836
795,Kanawegalla,10.197721639474999,9916792559,24.352036555987404,6594587260
796,Hingurukaduwa,11.08685409943842,6257451773,5.1177525872358505,5599326514
797,Moratuwagama,8.724254752343823,6352132917,7.646797181456974,5599326514
798,Siyambalagunaya,8.60495508159369,6257451773,6.364381493726039,5599326514
799,Lunugala Colony,6.025738811753416,6352132917,5.3641437346791205,4059494712
800,Monaragala,11.698762354217617,4833926726,0.24350515327386935,2418603880
801,Muthukeliyawa,7.42114160395713,6352132917,6.241568550543297,4059494712
802,Hulandawa South,7.826837367658019,1722822880,6.119206959162048,6261305015
803,Hidikivula,8.992971029388675,13155679168,2.7800867045584465,2418654132
804,Madugasmulla,4.00992381971679,13155679168,3.9148567573464352,13155679169
805,Siyambalanduwa,0.8090194784946988,4515019298,23.009752005277395,2418603880
806,Ranugalla,7.546837606414481,13155679168,4.76219027614609,5599326514
807,Gonathalawa,5.466890013894595,4833926726,7.748197278453766,2418603880
808,Beraliyapola,10.593574729156282,4833926726,6.573523787104669,2418603880
809,Wasipaha,2.0580248960580216,13155679168,1.9884042165259297,13155679169
810,Kahagolla,9.107116923667393,4833926726,12.902730259725773,2418603880
811,Ella,4.388617533374216,13155679168,4.526131249747005,13155679169
812,Pallegama1,4.881381909394241,13155679168,5.008219436247513,13155679169
813,Ellekona1,5.155377904347097,4833926726,6.672304531647989,2418603880
814,Karandagama,5.042948433345908,13155679168,5.183968843073289,13155679169
815,Batugammana,7.817872874420378,4833926726,4.457959532355203,4561223836
816,Muthukandiya,5.7169308371688174,4515019298,20.534160225701232,2418603880
817,Therela,4.860874624339742,4833926726,4.502368080130445,4561223836
818,Gangoda Arawa,7.706800365987947,4833926726,14.009982192818446,4561223836
819,Kottagala,5.695491773663134,4833926726,10.957645751967457,2418603880
820,Galamuna,5.8342291536845226,4515019298,23.993566784726333,2418603880
821,Dambagalla,2.319410862143348,4833926726,6.8864523865731,4561223836
822,Helamulla,5.958345932207832,4515019298,26.010247412288077,2418603880
823,Kolladeniya,7.63719609122398,4833926726,14.074494967640389,4561223836
824,Rattanadeniya,6.798210639533745,13155679168,5.279067680882191,4561223836
825,Barawaya,9.165872589281445,4515019298,23.267343428273293,2418603880
826,Pallegama2,8.191696301615766,4515019298,29.998887873225723,2418603880
827,Thanayamgama,7.014339207855326,9916792559,15.680776870812476,6528039309
828,Pagura,5.238665215382364,4833926726,1.2677030397043954,4561223836
829,Bakinigahawela,3.95922368433686,11068267299,4.397607817787775,4561223836
830,Aratugaswela,3.033250239073747,4833926726,4.485681082179297,4561223836
831,Ihawa,4.833746866966164,4833926726,11.25042512976771,4561223836
832,Namaloya Colony,1.7542816932044856,4833926726,6.394611410099188,4561223836
833,Pubbara,6.247738744405627,11068267299,1.9488986630962575,4561223836
834,Ilukkumbura,3.688150407960865,11068267299,6.141570209873582,4561223836
835,Pallewela,11.6798274305417,4515019298,22.14610310237266,4561223836
836,Kinnarabowa,4.202538936396688,11068267299,7.928069153091861,4561223836
837,Ritigahawatta,11.106077871370704,4833926726,17.465603864148967,4561223836
838,Gangodagama,7.6168077551640225,4833926726,13.580210255030169,4561223836
839,Newgala,11.031286761326772,4515019298,24.961775222402455,1877384936
840,Watawanagama,4.870222387823756,4833926726,10.599652517753219,4561223836
841,Thimbiriya,2.4215732090343147,11068267299,5.830890357155145,4561223836
842,Ruwalwela,4.598872374706792,4833926726,9.029283576642822,4561223836
843,Pitadeniya,2.2088183146869067,11068267299,8.900288134548779,4561223836
844,Elhena,2.072707122555084,11068267299,9.986648648539415,4561223836
845,Medagama2,1.0673252767707206,11068267299,7.489602988404252,4561223836
846,Buddama,14.869072398491905,4833926726,20.089423816361528,1877384936
847,Thampalawela,5.232679124508886,4833926726,5.189805901763715,4561223836
848,Deliwa,7.067997383734726,4833926726,10.676381333311033,4561223836
849,Govindupura,13.518910923256163,4515019298,21.10426952670782,1877384936
850,Meeyagala,10.770048493162594,4833926726,16.313314103990727,4561223836
851,Ellekona2,3.0438566763269406,11068267299,11.184129951902166,4561223836
852,Weragoda,16.045937792742027,4515019298,20.39730697239856,1877384936
853,Monarawana,2.11328279699542,11068267299,9.471193315600155,4561223836
854,Kalugahawadiya,6.5736007646843735,11068267299,12.1214776853968,4561223836
855,Thambana,7.776712105209883,11068267299,9.642290488259444,4561223836
856,Senapathiya,7.505560594010505,9916792559,15.850497197283543,4561223836
857,Aiwela,6.970780871588356,9916792559,16.010101606780626,4561223836
858,Bandarawadiya,12.611928463799504,4833926726,15.919772326597394,4561223836
859,Kanulwela,5.15041655215015,9916792559,17.959552883140418,4561223836
860,Medipitiya,7.069379134640371,9916792559,16.432994646449465,6528039309
861,Godigamuwa,8.284107447694351,11068267299,15.26881966792907,4561223836
862,Yalkumbura,6.142967542264397,9916792559,15.440924968213094,6528039309
863,Pothubandhana,6.427758367784657,9916792559,16.51507665558273,4561223836
864,Mudiyala,6.817954510045995,9916792559,14.338442223202804,6528039309
865,Ethanawatta,4.792846871176338,9916792559,16.93929727131254,2902114409
866,Hewelwela,4.331089097992678,9916792559,16.075928762083375,2902114409
867,Yakunnawa,6.592449441629918,9916792559,16.57839606258613,4561223836
868,Kotagama,7.133586990828402,9916792559,12.816128526134204,2902114409
869,Kuruwamba,3.3252591140847843,9916792559,16.375014883782015,2902114409
870,Egoda Kotagama,8.44653826454674,9916792559,10.795213291764952,2902114409
871,Dehiattawela,4.095452662520416,9916792559,18.849247672934233,4561223836
872,Dodamgolla,2.9504680601202207,9916792559,18.735429614290787,2902114409
873,Kavudella,2.0055559755365584,9916792559,16.29323630466313,2902114409
874,Kotabowa,10.189920705199897,11068267299,15.728058355697996,4561223836
875,Udamallehewa,7.454671524675983,9916792559,10.798784459522485,2902114409
876,Bendiyawa,8.003986647589247,9916792559,17.51043671587232,4561223836
877,Morattamulla,4.0127165875270405,9916792559,19.707406318344926,4561223836
878,Mallehewa,5.8958460982927114,9916792559,12.411456656596807,2902114409
879,Bibila,1.5265904201012197,9916792559,17.682611070512696,2902114409
880,Badullagammana,3.543031688556861,9916792559,14.81067129762332,2902114409
881,Kalugollayaya,7.546003776541604,4515019298,25.24313055646752,2418603880
882,Udumulla,2.084996972905474,4833926726,8.262914316797904,4561223836
883,Keenagoda,8.102788673992274,4833926726,2.211317396282268,4561223836
884,Samanala Bedda,7.396338012156882,4515019298,22.71087972917467,2418603880
885,Amunekandura,8.526974017260967,13155679168,3.44333405666855,4561223836
886,Mariarawa,10.87815400169754,4515019298,17.91371594138491,4561223836
887,Kendavinna,6.773162208275615,5661757672,6.523672932823307,4561223836
888,Makulla,0.4966927435010995,4833926726,6.727020079595414,4561223836
889,Alpitiya,2.5587128715316543,4833926726,8.971685768963116,4561223836
890,Alana,5.129965757406315,5661757672,8.080425096877777,4561223836
891,Polgahapitiya,5.855138588296903,11068267299,4.222369742461209,4561223836
892,Kooragammana,9.518742345411866,4515019298,25.14255960878159,1877384936
893,Ambagahapitiya,13.321861500978306,4833926726,19.530971215196843,4561223836
